{
  "project_info": {
    "project_number": "755570348033",
    "firebase_url": "https://parcialistic.firebaseio.com",
    "project_id": "parcialistic",
    "storage_bucket": "parcialistic.appspot.com"
  },
  "client": [
    {
      "client_info": {
        "mobilesdk_app_id": "1:755570348033:android:f0145f46d9f0861bff3000",
        "android_client_info": {
          "package_name": "com.example.primer_parcial"
        }
      },
      "oauth_client": [
        {
          "client_id": "755570348033-sku7bf1us83i8o415u5n63c0lald34n9.apps.googleusercontent.com",
          "client_type": 3
        }
      ],
      "api_key": [
        {
          "current_key": "AIzaSyBEtdB0zvDuKAX6c2ZtezBqbeJCGVQM50Y"
        }
      ],
      "services": {
        "appinvite_service": {
          "other_platform_oauth_client": [
            {
              "client_id": "755570348033-sku7bf1us83i8o415u5n63c0lald34n9.apps.googleusercontent.com",
              "client_type": 3
            }
          ]
        }
      }
    }
  ],
  "configuration_version": "1"
}